AID,Prediction,Smiles,label
743063,,CC=C1C(OC2OC(CO)C(O)C(O)C2O)OC=C(C(=O)OC)C1CC(=O)OCC1C(C)CC(OC(=O)CC2C(C(=O)OC)=COC(OC3OC(CO)C(O)C(O)C3O)C2=CC)C1C(C)CO,0.3028388619422912
97,,CC=C1C(OC2OC(CO)C(O)C(O)C2O)OC=C(C(=O)OC)C1CC(=O)OCC1C(C)CC(OC(=O)CC2C(C(=O)OC)=COC(OC3OC(CO)C(O)C(O)C3O)C2=CC)C1C(C)CO,0.2443415224552154
1259381,,CC=C1C(OC2OC(CO)C(O)C(O)C2O)OC=C(C(=O)OC)C1CC(=O)OCC1C(C)CC(OC(=O)CC2C(C(=O)OC)=COC(OC3OC(CO)C(O)C(O)C3O)C2=CC)C1C(C)CO,0.0001482050138292
69,,CC=C1C(OC2OC(CO)C(O)C(O)C2O)OC=C(C(=O)OC)C1CC(=O)OCC1C(C)CC(OC(=O)CC2C(C(=O)OC)=COC(OC3OC(CO)C(O)C(O)C3O)C2=CC)C1C(C)CO,0.9999998807907104
1645860,,CC=C1C(OC2OC(CO)C(O)C(O)C2O)OC=C(C(=O)OC)C1CC(=O)OCC1C(C)CC(OC(=O)CC2C(C(=O)OC)=COC(OC3OC(CO)C(O)C(O)C3O)C2=CC)C1C(C)CO,0.9989537000656128
624352,,CC=C1C(OC2OC(CO)C(O)C(O)C2O)OC=C(C(=O)OC)C1CC(=O)OCC1C(C)CC(OC(=O)CC2C(C(=O)OC)=COC(OC3OC(CO)C(O)C(O)C3O)C2=CC)C1C(C)CO,5.431176759884693e-06
743035,,CC=C1C(OC2OC(CO)C(O)C(O)C2O)OC=C(C(=O)OC)C1CC(=O)OCC1C(C)CC(OC(=O)CC2C(C(=O)OC)=COC(OC3OC(CO)C(O)C(O)C3O)C2=CC)C1C(C)CO,0.9935423135757446
95,,CC=C1C(OC2OC(CO)C(O)C(O)C2O)OC=C(C(=O)OC)C1CC(=O)OCC1C(C)CC(OC(=O)CC2C(C(=O)OC)=COC(OC3OC(CO)C(O)C(O)C3O)C2=CC)C1C(C)CO,0.034571785479784
145,,CC=C1C(OC2OC(CO)C(O)C(O)C2O)OC=C(C(=O)OC)C1CC(=O)OCC1C(C)CC(OC(=O)CC2C(C(=O)OC)=COC(OC3OC(CO)C(O)C(O)C3O)C2=CC)C1C(C)CO,0.9733321666717528
1671198,,CC=C1C(OC2OC(CO)C(O)C(O)C2O)OC=C(C(=O)OC)C1CC(=O)OCC1C(C)CC(OC(=O)CC2C(C(=O)OC)=COC(OC3OC(CO)C(O)C(O)C3O)C2=CC)C1C(C)CO,5.11604696384893e-07
1346799,,CC=C1C(OC2OC(CO)C(O)C(O)C2O)OC=C(C(=O)OC)C1CC(=O)OCC1C(C)CC(OC(=O)CC2C(C(=O)OC)=COC(OC3OC(CO)C(O)C(O)C3O)C2=CC)C1C(C)CO,0.9833337664604188
1813,,CC=C1C(OC2OC(CO)C(O)C(O)C2O)OC=C(C(=O)OC)C1CC(=O)OCC1C(C)CC(OC(=O)CC2C(C(=O)OC)=COC(OC3OC(CO)C(O)C(O)C3O)C2=CC)C1C(C)CO,0.002007802715525
1851,,CC=C1C(OC2OC(CO)C(O)C(O)C2O)OC=C(C(=O)OC)C1CC(=O)OCC1C(C)CC(OC(=O)CC2C(C(=O)OC)=COC(OC3OC(CO)C(O)C(O)C3O)C2=CC)C1C(C)CO,0.5186102390289307
651633,,CC=C1C(OC2OC(CO)C(O)C(O)C2O)OC=C(C(=O)OC)C1CC(=O)OCC1C(C)CC(OC(=O)CC2C(C(=O)OC)=COC(OC3OC(CO)C(O)C(O)C3O)C2=CC)C1C(C)CO,0.9934099316596984
105,,CC=C1C(OC2OC(CO)C(O)C(O)C2O)OC=C(C(=O)OC)C1CC(=O)OCC1C(C)CC(OC(=O)CC2C(C(=O)OC)=COC(OC3OC(CO)C(O)C(O)C3O)C2=CC)C1C(C)CO,0.0359862148761749
504332,,CC=C1C(OC2OC(CO)C(O)C(O)C2O)OC=C(C(=O)OC)C1CC(=O)OCC1C(C)CC(OC(=O)CC2C(C(=O)OC)=COC(OC3OC(CO)C(O)C(O)C3O)C2=CC)C1C(C)CO,1.5098911010369418e-10
1224847,,CC=C1C(OC2OC(CO)C(O)C(O)C2O)OC=C(C(=O)OC)C1CC(=O)OCC1C(C)CC(OC(=O)CC2C(C(=O)OC)=COC(OC3OC(CO)C(O)C(O)C3O)C2=CC)C1C(C)CO,0.997755229473114
1671190,,CC=C1C(OC2OC(CO)C(O)C(O)C2O)OC=C(C(=O)OC)C1CC(=O)OCC1C(C)CC(OC(=O)CC2C(C(=O)OC)=COC(OC3OC(CO)C(O)C(O)C3O)C2=CC)C1C(C)CO,1.496629382924386e-11
89,,CC=C1C(OC2OC(CO)C(O)C(O)C2O)OC=C(C(=O)OC)C1CC(=O)OCC1C(C)CC(OC(=O)CC2C(C(=O)OC)=COC(OC3OC(CO)C(O)C(O)C3O)C2=CC)C1C(C)CO,0.7588365077972412
133,,CC=C1C(OC2OC(CO)C(O)C(O)C2O)OC=C(C(=O)OC)C1CC(=O)OCC1C(C)CC(OC(=O)CC2C(C(=O)OC)=COC(OC3OC(CO)C(O)C(O)C3O)C2=CC)C1C(C)CO,0.0055396263487637
1671201,,CC=C1C(OC2OC(CO)C(O)C(O)C2O)OC=C(C(=O)OC)C1CC(=O)OCC1C(C)CC(OC(=O)CC2C(C(=O)OC)=COC(OC3OC(CO)C(O)C(O)C3O)C2=CC)C1C(C)CO,0.0787663385272026
123,,CC=C1C(OC2OC(CO)C(O)C(O)C2O)OC=C(C(=O)OC)C1CC(=O)OCC1C(C)CC(OC(=O)CC2C(C(=O)OC)=COC(OC3OC(CO)C(O)C(O)C3O)C2=CC)C1C(C)CO,0.9989936947822572
15,,CC=C1C(OC2OC(CO)C(O)C(O)C2O)OC=C(C(=O)OC)C1CC(=O)OCC1C(C)CC(OC(=O)CC2C(C(=O)OC)=COC(OC3OC(CO)C(O)C(O)C3O)C2=CC)C1C(C)CO,0.00031858793227
686979,,CC=C1C(OC2OC(CO)C(O)C(O)C2O)OC=C(C(=O)OC)C1CC(=O)OCC1C(C)CC(OC(=O)CC2C(C(=O)OC)=COC(OC3OC(CO)C(O)C(O)C3O)C2=CC)C1C(C)CO,0.9999579191207886
624297,,CC=C1C(OC2OC(CO)C(O)C(O)C2O)OC=C(C(=O)OC)C1CC(=O)OCC1C(C)CC(OC(=O)CC2C(C(=O)OC)=COC(OC3OC(CO)C(O)C(O)C3O)C2=CC)C1C(C)CO,0.0085379546508193
328,,CC=C1C(OC2OC(CO)C(O)C(O)C2O)OC=C(C(=O)OC)C1CC(=O)OCC1C(C)CC(OC(=O)CC2C(C(=O)OC)=COC(OC3OC(CO)C(O)C(O)C3O)C2=CC)C1C(C)CO,0.9884682297706604
141,,CC=C1C(OC2OC(CO)C(O)C(O)C2O)OC=C(C(=O)OC)C1CC(=O)OCC1C(C)CC(OC(=O)CC2C(C(=O)OC)=COC(OC3OC(CO)C(O)C(O)C3O)C2=CC)C1C(C)CO,0.779925525188446
504847,,CC=C1C(OC2OC(CO)C(O)C(O)C2O)OC=C(C(=O)OC)C1CC(=O)OCC1C(C)CC(OC(=O)CC2C(C(=O)OC)=COC(OC3OC(CO)C(O)C(O)C3O)C2=CC)C1C(C)CO,5.664060331866948e-10
113,,CC=C1C(OC2OC(CO)C(O)C(O)C2O)OC=C(C(=O)OC)C1CC(=O)OCC1C(C)CC(OC(=O)CC2C(C(=O)OC)=COC(OC3OC(CO)C(O)C(O)C3O)C2=CC)C1C(C)CO,0.0683057010173797
13,,CC=C1C(OC2OC(CO)C(O)C(O)C2O)OC=C(C(=O)OC)C1CC(=O)OCC1C(C)CC(OC(=O)CC2C(C(=O)OC)=COC(OC3OC(CO)C(O)C(O)C3O)C2=CC)C1C(C)CO,2.2254268117194442e-07
1347032,,CC=C1C(OC2OC(CO)C(O)C(O)C2O)OC=C(C(=O)OC)C1CC(=O)OCC1C(C)CC(OC(=O)CC2C(C(=O)OC)=COC(OC3OC(CO)C(O)C(O)C3O)C2=CC)C1C(C)CO,1.6911414491005416e-08
129,,CC=C1C(OC2OC(CO)C(O)C(O)C2O)OC=C(C(=O)OC)C1CC(=O)OCC1C(C)CC(OC(=O)CC2C(C(=O)OC)=COC(OC3OC(CO)C(O)C(O)C3O)C2=CC)C1C(C)CO,0.9844945073127748
1347076,,CC=C1C(OC2OC(CO)C(O)C(O)C2O)OC=C(C(=O)OC)C1CC(=O)OCC1C(C)CC(OC(=O)CC2C(C(=O)OC)=COC(OC3OC(CO)C(O)C(O)C3O)C2=CC)C1C(C)CO,0.0001224854640895
720533,,CC=C1C(OC2OC(CO)C(O)C(O)C2O)OC=C(C(=O)OC)C1CC(=O)OCC1C(C)CC(OC(=O)CC2C(C(=O)OC)=COC(OC3OC(CO)C(O)C(O)C3O)C2=CC)C1C(C)CO,0.7694441080093384
743036,,CC=C1C(OC2OC(CO)C(O)C(O)C2O)OC=C(C(=O)OC)C1CC(=O)OCC1C(C)CC(OC(=O)CC2C(C(=O)OC)=COC(OC3OC(CO)C(O)C(O)C3O)C2=CC)C1C(C)CO,3.882855281744924e-08
127,,CC=C1C(OC2OC(CO)C(O)C(O)C2O)OC=C(C(=O)OC)C1CC(=O)OCC1C(C)CC(OC(=O)CC2C(C(=O)OC)=COC(OC3OC(CO)C(O)C(O)C3O)C2=CC)C1C(C)CO,0.0117002194747328
1347067,,CC=C1C(OC2OC(CO)C(O)C(O)C2O)OC=C(C(=O)OC)C1CC(=O)OCC1C(C)CC(OC(=O)CC2C(C(=O)OC)=COC(OC3OC(CO)C(O)C(O)C3O)C2=CC)C1C(C)CO,0.7803022265434265
1159524,,CC=C1C(OC2OC(CO)C(O)C(O)C2O)OC=C(C(=O)OC)C1CC(=O)OCC1C(C)CC(OC(=O)CC2C(C(=O)OC)=COC(OC3OC(CO)C(O)C(O)C3O)C2=CC)C1C(C)CO,5.753569894295652e-06
743075,,CC=C1C(OC2OC(CO)C(O)C(O)C2O)OC=C(C(=O)OC)C1CC(=O)OCC1C(C)CC(OC(=O)CC2C(C(=O)OC)=COC(OC3OC(CO)C(O)C(O)C3O)C2=CC)C1C(C)CO,1.1317974468738613e-07
743194,,CC=C1C(OC2OC(CO)C(O)C(O)C2O)OC=C(C(=O)OC)C1CC(=O)OCC1C(C)CC(OC(=O)CC2C(C(=O)OC)=COC(OC3OC(CO)C(O)C(O)C3O)C2=CC)C1C(C)CO,0.9311009645462036
39,,CC=C1C(OC2OC(CO)C(O)C(O)C2O)OC=C(C(=O)OC)C1CC(=O)OCC1C(C)CC(OC(=O)CC2C(C(=O)OC)=COC(OC3OC(CO)C(O)C(O)C3O)C2=CC)C1C(C)CO,0.0002601740416139
1259369,,CC=C1C(OC2OC(CO)C(O)C(O)C2O)OC=C(C(=O)OC)C1CC(=O)OCC1C(C)CC(OC(=O)CC2C(C(=O)OC)=COC(OC3OC(CO)C(O)C(O)C3O)C2=CC)C1C(C)CO,4.114062448934419e-06
2275,,CC=C1C(OC2OC(CO)C(O)C(O)C2O)OC=C(C(=O)OC)C1CC(=O)OCC1C(C)CC(OC(=O)CC2C(C(=O)OC)=COC(OC3OC(CO)C(O)C(O)C3O)C2=CC)C1C(C)CO,0.0003121396293863
1347092,,CC=C1C(OC2OC(CO)C(O)C(O)C2O)OC=C(C(=O)OC)C1CC(=O)OCC1C(C)CC(OC(=O)CC2C(C(=O)OC)=COC(OC3OC(CO)C(O)C(O)C3O)C2=CC)C1C(C)CO,0.9999434947967528
1224874,,CC=C1C(OC2OC(CO)C(O)C(O)C2O)OC=C(C(=O)OC)C1CC(=O)OCC1C(C)CC(OC(=O)CC2C(C(=O)OC)=COC(OC3OC(CO)C(O)C(O)C3O)C2=CC)C1C(C)CO,0.9987070560455322
1224889,,CC=C1C(OC2OC(CO)C(O)C(O)C2O)OC=C(C(=O)OC)C1CC(=O)OCC1C(C)CC(OC(=O)CC2C(C(=O)OC)=COC(OC3OC(CO)C(O)C(O)C3O)C2=CC)C1C(C)CO,5.613696618667063e-09
175,,CC=C1C(OC2OC(CO)C(O)C(O)C2O)OC=C(C(=O)OC)C1CC(=O)OCC1C(C)CC(OC(=O)CC2C(C(=O)OC)=COC(OC3OC(CO)C(O)C(O)C3O)C2=CC)C1C(C)CO,1.7346162284326283e-09
31,,CC=C1C(OC2OC(CO)C(O)C(O)C2O)OC=C(C(=O)OC)C1CC(=O)OCC1C(C)CC(OC(=O)CC2C(C(=O)OC)=COC(OC3OC(CO)C(O)C(O)C3O)C2=CC)C1C(C)CO,0.9803637862205504
651661,,CC=C1C(OC2OC(CO)C(O)C(O)C2O)OC=C(C(=O)OC)C1CC(=O)OCC1C(C)CC(OC(=O)CC2C(C(=O)OC)=COC(OC3OC(CO)C(O)C(O)C3O)C2=CC)C1C(C)CO,0.0015244234818965
83,,CC=C1C(OC2OC(CO)C(O)C(O)C2O)OC=C(C(=O)OC)C1CC(=O)OCC1C(C)CC(OC(=O)CC2C(C(=O)OC)=COC(OC3OC(CO)C(O)C(O)C3O)C2=CC)C1C(C)CO,0.061668824404478
125,,CC=C1C(OC2OC(CO)C(O)C(O)C2O)OC=C(C(=O)OC)C1CC(=O)OCC1C(C)CC(OC(=O)CC2C(C(=O)OC)=COC(OC3OC(CO)C(O)C(O)C3O)C2=CC)C1C(C)CO,0.07309390604496
23,,CC=C1C(OC2OC(CO)C(O)C(O)C2O)OC=C(C(=O)OC)C1CC(=O)OCC1C(C)CC(OC(=O)CC2C(C(=O)OC)=COC(OC3OC(CO)C(O)C(O)C3O)C2=CC)C1C(C)CO,0.955489695072174
1259382,,CC=C1C(OC2OC(CO)C(O)C(O)C2O)OC=C(C(=O)OC)C1CC(=O)OCC1C(C)CC(OC(=O)CC2C(C(=O)OC)=COC(OC3OC(CO)C(O)C(O)C3O)C2=CC)C1C(C)CO,0.6748589277267456
651635,,CC=C1C(OC2OC(CO)C(O)C(O)C2O)OC=C(C(=O)OC)C1CC(=O)OCC1C(C)CC(OC(=O)CC2C(C(=O)OC)=COC(OC3OC(CO)C(O)C(O)C3O)C2=CC)C1C(C)CO,0.5440999269485474
743042,,CC=C1C(OC2OC(CO)C(O)C(O)C2O)OC=C(C(=O)OC)C1CC(=O)OCC1C(C)CC(OC(=O)CC2C(C(=O)OC)=COC(OC3OC(CO)C(O)C(O)C3O)C2=CC)C1C(C)CO,0.8326926827430725
720532,,CC=C1C(OC2OC(CO)C(O)C(O)C2O)OC=C(C(=O)OC)C1CC(=O)OCC1C(C)CC(OC(=O)CC2C(C(=O)OC)=COC(OC3OC(CO)C(O)C(O)C3O)C2=CC)C1C(C)CO,0.9915805459022522
1347075,,CC=C1C(OC2OC(CO)C(O)C(O)C2O)OC=C(C(=O)OC)C1CC(=O)OCC1C(C)CC(OC(=O)CC2C(C(=O)OC)=COC(OC3OC(CO)C(O)C(O)C3O)C2=CC)C1C(C)CO,0.0906674712896347
63,,CC=C1C(OC2OC(CO)C(O)C(O)C2O)OC=C(C(=O)OC)C1CC(=O)OCC1C(C)CC(OC(=O)CC2C(C(=O)OC)=COC(OC3OC(CO)C(O)C(O)C3O)C2=CC)C1C(C)CO,0.9997963309288024
1159521,,CC=C1C(OC2OC(CO)C(O)C(O)C2O)OC=C(C(=O)OC)C1CC(=O)OCC1C(C)CC(OC(=O)CC2C(C(=O)OC)=COC(OC3OC(CO)C(O)C(O)C3O)C2=CC)C1C(C)CO,0.8855117559432983
488899,,CC=C1C(OC2OC(CO)C(O)C(O)C2O)OC=C(C(=O)OC)C1CC(=O)OCC1C(C)CC(OC(=O)CC2C(C(=O)OC)=COC(OC3OC(CO)C(O)C(O)C3O)C2=CC)C1C(C)CO,2.468648929720985e-08
1346987,,CC=C1C(OC2OC(CO)C(O)C(O)C2O)OC=C(C(=O)OC)C1CC(=O)OCC1C(C)CC(OC(=O)CC2C(C(=O)OC)=COC(OC3OC(CO)C(O)C(O)C3O)C2=CC)C1C(C)CO,2.2896567770658294e-06
330,,CC=C1C(OC2OC(CO)C(O)C(O)C2O)OC=C(C(=O)OC)C1CC(=O)OCC1C(C)CC(OC(=O)CC2C(C(=O)OC)=COC(OC3OC(CO)C(O)C(O)C3O)C2=CC)C1C(C)CO,0.0113040441647171
485346,,CC=C1C(OC2OC(CO)C(O)C(O)C2O)OC=C(C(=O)OC)C1CC(=O)OCC1C(C)CC(OC(=O)CC2C(C(=O)OC)=COC(OC3OC(CO)C(O)C(O)C3O)C2=CC)C1C(C)CO,0.5728662610054016
107,,CC=C1C(OC2OC(CO)C(O)C(O)C2O)OC=C(C(=O)OC)C1CC(=O)OCC1C(C)CC(OC(=O)CC2C(C(=O)OC)=COC(OC3OC(CO)C(O)C(O)C3O)C2=CC)C1C(C)CO,0.0272511728107929
67,,CC=C1C(OC2OC(CO)C(O)C(O)C2O)OC=C(C(=O)OC)C1CC(=O)OCC1C(C)CC(OC(=O)CC2C(C(=O)OC)=COC(OC3OC(CO)C(O)C(O)C3O)C2=CC)C1C(C)CO,0.5397897958755493
2330,,CC=C1C(OC2OC(CO)C(O)C(O)C2O)OC=C(C(=O)OC)C1CC(=O)OCC1C(C)CC(OC(=O)CC2C(C(=O)OC)=COC(OC3OC(CO)C(O)C(O)C3O)C2=CC)C1C(C)CO,0.1281445920467376
2732,,CC=C1C(OC2OC(CO)C(O)C(O)C2O)OC=C(C(=O)OC)C1CC(=O)OCC1C(C)CC(OC(=O)CC2C(C(=O)OC)=COC(OC3OC(CO)C(O)C(O)C3O)C2=CC)C1C(C)CO,0.9987264275550842
27,,CC=C1C(OC2OC(CO)C(O)C(O)C2O)OC=C(C(=O)OC)C1CC(=O)OCC1C(C)CC(OC(=O)CC2C(C(=O)OC)=COC(OC3OC(CO)C(O)C(O)C3O)C2=CC)C1C(C)CO,0.9994307160377502
1159555,,CC=C1C(OC2OC(CO)C(O)C(O)C2O)OC=C(C(=O)OC)C1CC(=O)OCC1C(C)CC(OC(=O)CC2C(C(=O)OC)=COC(OC3OC(CO)C(O)C(O)C3O)C2=CC)C1C(C)CO,4.88405262899505e-08
131,,CC=C1C(OC2OC(CO)C(O)C(O)C2O)OC=C(C(=O)OC)C1CC(=O)OCC1C(C)CC(OC(=O)CC2C(C(=O)OC)=COC(OC3OC(CO)C(O)C(O)C3O)C2=CC)C1C(C)CO,0.5953801274299622
167,,CC=C1C(OC2OC(CO)C(O)C(O)C2O)OC=C(C(=O)OC)C1CC(=O)OCC1C(C)CC(OC(=O)CC2C(C(=O)OC)=COC(OC3OC(CO)C(O)C(O)C3O)C2=CC)C1C(C)CO,6.177482081426433e-09
720552,,CC=C1C(OC2OC(CO)C(O)C(O)C2O)OC=C(C(=O)OC)C1CC(=O)OCC1C(C)CC(OC(=O)CC2C(C(=O)OC)=COC(OC3OC(CO)C(O)C(O)C3O)C2=CC)C1C(C)CO,1.0
1645841,,CC=C1C(OC2OC(CO)C(O)C(O)C2O)OC=C(C(=O)OC)C1CC(=O)OCC1C(C)CC(OC(=O)CC2C(C(=O)OC)=COC(OC3OC(CO)C(O)C(O)C3O)C2=CC)C1C(C)CO,0.0200067870318889
19,,CC=C1C(OC2OC(CO)C(O)C(O)C2O)OC=C(C(=O)OC)C1CC(=O)OCC1C(C)CC(OC(=O)CC2C(C(=O)OC)=COC(OC3OC(CO)C(O)C(O)C3O)C2=CC)C1C(C)CO,0.4810752868652344
652154,,CC=C1C(OC2OC(CO)C(O)C(O)C2O)OC=C(C(=O)OC)C1CC(=O)OCC1C(C)CC(OC(=O)CC2C(C(=O)OC)=COC(OC3OC(CO)C(O)C(O)C3O)C2=CC)C1C(C)CO,0.0121321538463234
1645855,,CC=C1C(OC2OC(CO)C(O)C(O)C2O)OC=C(C(=O)OC)C1CC(=O)OCC1C(C)CC(OC(=O)CC2C(C(=O)OC)=COC(OC3OC(CO)C(O)C(O)C3O)C2=CC)C1C(C)CO,0.5236408710479736
1296009,,CC=C1C(OC2OC(CO)C(O)C(O)C2O)OC=C(C(=O)OC)C1CC(=O)OCC1C(C)CC(OC(=O)CC2C(C(=O)OC)=COC(OC3OC(CO)C(O)C(O)C3O)C2=CC)C1C(C)CO,6.502800715679768e-07
720692,,CC=C1C(OC2OC(CO)C(O)C(O)C2O)OC=C(C(=O)OC)C1CC(=O)OCC1C(C)CC(OC(=O)CC2C(C(=O)OC)=COC(OC3OC(CO)C(O)C(O)C3O)C2=CC)C1C(C)CO,0.9997249245643616
1671193,,CC=C1C(OC2OC(CO)C(O)C(O)C2O)OC=C(C(=O)OC)C1CC(=O)OCC1C(C)CC(OC(=O)CC2C(C(=O)OC)=COC(OC3OC(CO)C(O)C(O)C3O)C2=CC)C1C(C)CO,0.0001368925441056
602281,,CC=C1C(OC2OC(CO)C(O)C(O)C2O)OC=C(C(=O)OC)C1CC(=O)OCC1C(C)CC(OC(=O)CC2C(C(=O)OC)=COC(OC3OC(CO)C(O)C(O)C3O)C2=CC)C1C(C)CO,1.0147575489400648e-20
588855,,CC=C1C(OC2OC(CO)C(O)C(O)C2O)OC=C(C(=O)OC)C1CC(=O)OCC1C(C)CC(OC(=O)CC2C(C(=O)OC)=COC(OC3OC(CO)C(O)C(O)C3O)C2=CC)C1C(C)CO,0.0757771581411361
61,,CC=C1C(OC2OC(CO)C(O)C(O)C2O)OC=C(C(=O)OC)C1CC(=O)OCC1C(C)CC(OC(=O)CC2C(C(=O)OC)=COC(OC3OC(CO)C(O)C(O)C3O)C2=CC)C1C(C)CO,0.9986259937286376
743015,,CC=C1C(OC2OC(CO)C(O)C(O)C2O)OC=C(C(=O)OC)C1CC(=O)OCC1C(C)CC(OC(=O)CC2C(C(=O)OC)=COC(OC3OC(CO)C(O)C(O)C3O)C2=CC)C1C(C)CO,0.9999816417694092
743279,,CC=C1C(OC2OC(CO)C(O)C(O)C2O)OC=C(C(=O)OC)C1CC(=O)OCC1C(C)CC(OC(=O)CC2C(C(=O)OC)=COC(OC3OC(CO)C(O)C(O)C3O)C2=CC)C1C(C)CO,0.0041582868434488
3,,CC=C1C(OC2OC(CO)C(O)C(O)C2O)OC=C(C(=O)OC)C1CC(=O)OCC1C(C)CC(OC(=O)CC2C(C(=O)OC)=COC(OC3OC(CO)C(O)C(O)C3O)C2=CC)C1C(C)CO,0.2082089781761169
157,,CC=C1C(OC2OC(CO)C(O)C(O)C2O)OC=C(C(=O)OC)C1CC(=O)OCC1C(C)CC(OC(=O)CC2C(C(=O)OC)=COC(OC3OC(CO)C(O)C(O)C3O)C2=CC)C1C(C)CO,0.008052410557866
121,,CC=C1C(OC2OC(CO)C(O)C(O)C2O)OC=C(C(=O)OC)C1CC(=O)OCC1C(C)CC(OC(=O)CC2C(C(=O)OC)=COC(OC3OC(CO)C(O)C(O)C3O)C2=CC)C1C(C)CO,0.0018660536734387
161,,CC=C1C(OC2OC(CO)C(O)C(O)C2O)OC=C(C(=O)OC)C1CC(=O)OCC1C(C)CC(OC(=O)CC2C(C(=O)OC)=COC(OC3OC(CO)C(O)C(O)C3O)C2=CC)C1C(C)CO,0.0003259273362345
1347131,,CC=C1C(OC2OC(CO)C(O)C(O)C2O)OC=C(C(=O)OC)C1CC(=O)OCC1C(C)CC(OC(=O)CC2C(C(=O)OC)=COC(OC3OC(CO)C(O)C(O)C3O)C2=CC)C1C(C)CO,0.9998052716255188
720637,,CC=C1C(OC2OC(CO)C(O)C(O)C2O)OC=C(C(=O)OC)C1CC(=O)OCC1C(C)CC(OC(=O)CC2C(C(=O)OC)=COC(OC3OC(CO)C(O)C(O)C3O)C2=CC)C1C(C)CO,0.0743733569979667
1578,,CC=C1C(OC2OC(CO)C(O)C(O)C2O)OC=C(C(=O)OC)C1CC(=O)OCC1C(C)CC(OC(=O)CC2C(C(=O)OC)=COC(OC3OC(CO)C(O)C(O)C3O)C2=CC)C1C(C)CO,0.00080399250146
1030,,CC=C1C(OC2OC(CO)C(O)C(O)C2O)OC=C(C(=O)OC)C1CC(=O)OCC1C(C)CC(OC(=O)CC2C(C(=O)OC)=COC(OC3OC(CO)C(O)C(O)C3O)C2=CC)C1C(C)CO,1.5638464967437924e-09
450,,CC=C1C(OC2OC(CO)C(O)C(O)C2O)OC=C(C(=O)OC)C1CC(=O)OCC1C(C)CC(OC(=O)CC2C(C(=O)OC)=COC(OC3OC(CO)C(O)C(O)C3O)C2=CC)C1C(C)CO,1.1779904696140878e-07
1224879,,CC=C1C(OC2OC(CO)C(O)C(O)C2O)OC=C(C(=O)OC)C1CC(=O)OCC1C(C)CC(OC(=O)CC2C(C(=O)OC)=COC(OC3OC(CO)C(O)C(O)C3O)C2=CC)C1C(C)CO,0.0088270399719476
686971,,CC=C1C(OC2OC(CO)C(O)C(O)C2O)OC=C(C(=O)OC)C1CC(=O)OCC1C(C)CC(OC(=O)CC2C(C(=O)OC)=COC(OC3OC(CO)C(O)C(O)C3O)C2=CC)C1C(C)CO,0.9898427128791808
1259416,,CC=C1C(OC2OC(CO)C(O)C(O)C2O)OC=C(C(=O)OC)C1CC(=O)OCC1C(C)CC(OC(=O)CC2C(C(=O)OC)=COC(OC3OC(CO)C(O)C(O)C3O)C2=CC)C1C(C)CO,0.3816592693328857
743014,,CC=C1C(OC2OC(CO)C(O)C(O)C2O)OC=C(C(=O)OC)C1CC(=O)OCC1C(C)CC(OC(=O)CC2C(C(=O)OC)=COC(OC3OC(CO)C(O)C(O)C3O)C2=CC)C1C(C)CO,0.9774781465530396
1224844,,CC=C1C(OC2OC(CO)C(O)C(O)C2O)OC=C(C(=O)OC)C1CC(=O)OCC1C(C)CC(OC(=O)CC2C(C(=O)OC)=COC(OC3OC(CO)C(O)C(O)C3O)C2=CC)C1C(C)CO,0.9999996423721312
87,,CC=C1C(OC2OC(CO)C(O)C(O)C2O)OC=C(C(=O)OC)C1CC(=O)OCC1C(C)CC(OC(=O)CC2C(C(=O)OC)=COC(OC3OC(CO)C(O)C(O)C3O)C2=CC)C1C(C)CO,0.003966290038079
588405,,CC=C1C(OC2OC(CO)C(O)C(O)C2O)OC=C(C(=O)OC)C1CC(=O)OCC1C(C)CC(OC(=O)CC2C(C(=O)OC)=COC(OC3OC(CO)C(O)C(O)C3O)C2=CC)C1C(C)CO,0.9976975321769714
540276,,CC=C1C(OC2OC(CO)C(O)C(O)C2O)OC=C(C(=O)OC)C1CC(=O)OCC1C(C)CC(OC(=O)CC2C(C(=O)OC)=COC(OC3OC(CO)C(O)C(O)C3O)C2=CC)C1C(C)CO,0.9999895095825196
1347101,,CC=C1C(OC2OC(CO)C(O)C(O)C2O)OC=C(C(=O)OC)C1CC(=O)OCC1C(C)CC(OC(=O)CC2C(C(=O)OC)=COC(OC3OC(CO)C(O)C(O)C3O)C2=CC)C1C(C)CO,0.9999860525131226
1224871,,CC=C1C(OC2OC(CO)C(O)C(O)C2O)OC=C(C(=O)OC)C1CC(=O)OCC1C(C)CC(OC(=O)CC2C(C(=O)OC)=COC(OC3OC(CO)C(O)C(O)C3O)C2=CC)C1C(C)CO,0.5920590162277222
743219,,CC=C1C(OC2OC(CO)C(O)C(O)C2O)OC=C(C(=O)OC)C1CC(=O)OCC1C(C)CC(OC(=O)CC2C(C(=O)OC)=COC(OC3OC(CO)C(O)C(O)C3O)C2=CC)C1C(C)CO,0.4198002517223358
2551,,CC=C1C(OC2OC(CO)C(O)C(O)C2O)OC=C(C(=O)OC)C1CC(=O)OCC1C(C)CC(OC(=O)CC2C(C(=O)OC)=COC(OC3OC(CO)C(O)C(O)C3O)C2=CC)C1C(C)CO,2.972731181216659e-06
504558,,CC=C1C(OC2OC(CO)C(O)C(O)C2O)OC=C(C(=O)OC)C1CC(=O)OCC1C(C)CC(OC(=O)CC2C(C(=O)OC)=COC(OC3OC(CO)C(O)C(O)C3O)C2=CC)C1C(C)CO,0.9147817492485046
651634,,CC=C1C(OC2OC(CO)C(O)C(O)C2O)OC=C(C(=O)OC)C1CC(=O)OCC1C(C)CC(OC(=O)CC2C(C(=O)OC)=COC(OC3OC(CO)C(O)C(O)C3O)C2=CC)C1C(C)CO,0.942060649394989
1347065,,CC=C1C(OC2OC(CO)C(O)C(O)C2O)OC=C(C(=O)OC)C1CC(=O)OCC1C(C)CC(OC(=O)CC2C(C(=O)OC)=COC(OC3OC(CO)C(O)C(O)C3O)C2=CC)C1C(C)CO,0.9997839331626892
115,,CC=C1C(OC2OC(CO)C(O)C(O)C2O)OC=C(C(=O)OC)C1CC(=O)OCC1C(C)CC(OC(=O)CC2C(C(=O)OC)=COC(OC3OC(CO)C(O)C(O)C3O)C2=CC)C1C(C)CO,0.9977288842201232
1645876,,CC=C1C(OC2OC(CO)C(O)C(O)C2O)OC=C(C(=O)OC)C1CC(=O)OCC1C(C)CC(OC(=O)CC2C(C(=O)OC)=COC(OC3OC(CO)C(O)C(O)C3O)C2=CC)C1C(C)CO,0.0037882027681916
25,,CC=C1C(OC2OC(CO)C(O)C(O)C2O)OC=C(C(=O)OC)C1CC(=O)OCC1C(C)CC(OC(=O)CC2C(C(=O)OC)=COC(OC3OC(CO)C(O)C(O)C3O)C2=CC)C1C(C)CO,0.3436985611915588
1671197,,CC=C1C(OC2OC(CO)C(O)C(O)C2O)OC=C(C(=O)OC)C1CC(=O)OCC1C(C)CC(OC(=O)CC2C(C(=O)OC)=COC(OC3OC(CO)C(O)C(O)C3O)C2=CC)C1C(C)CO,5.180669782056667e-10
9,,CC=C1C(OC2OC(CO)C(O)C(O)C2O)OC=C(C(=O)OC)C1CC(=O)OCC1C(C)CC(OC(=O)CC2C(C(=O)OC)=COC(OC3OC(CO)C(O)C(O)C3O)C2=CC)C1C(C)CO,0.7126234769821167
1347064,,CC=C1C(OC2OC(CO)C(O)C(O)C2O)OC=C(C(=O)OC)C1CC(=O)OCC1C(C)CC(OC(=O)CC2C(C(=O)OC)=COC(OC3OC(CO)C(O)C(O)C3O)C2=CC)C1C(C)CO,0.1349784135818481
1346986,,CC=C1C(OC2OC(CO)C(O)C(O)C2O)OC=C(C(=O)OC)C1CC(=O)OCC1C(C)CC(OC(=O)CC2C(C(=O)OC)=COC(OC3OC(CO)C(O)C(O)C3O)C2=CC)C1C(C)CO,0.0002080847916658
1159529,,CC=C1C(OC2OC(CO)C(O)C(O)C2O)OC=C(C(=O)OC)C1CC(=O)OCC1C(C)CC(OC(=O)CC2C(C(=O)OC)=COC(OC3OC(CO)C(O)C(O)C3O)C2=CC)C1C(C)CO,4.5798992687196005e-06
85,,CC=C1C(OC2OC(CO)C(O)C(O)C2O)OC=C(C(=O)OC)C1CC(=O)OCC1C(C)CC(OC(=O)CC2C(C(=O)OC)=COC(OC3OC(CO)C(O)C(O)C3O)C2=CC)C1C(C)CO,0.0774784684181213
155,,CC=C1C(OC2OC(CO)C(O)C(O)C2O)OC=C(C(=O)OC)C1CC(=O)OCC1C(C)CC(OC(=O)CC2C(C(=O)OC)=COC(OC3OC(CO)C(O)C(O)C3O)C2=CC)C1C(C)CO,5.284407598082908e-05
1345083,,CC=C1C(OC2OC(CO)C(O)C(O)C2O)OC=C(C(=O)OC)C1CC(=O)OCC1C(C)CC(OC(=O)CC2C(C(=O)OC)=COC(OC3OC(CO)C(O)C(O)C3O)C2=CC)C1C(C)CO,1.6606940161142253e-13
1346982,,CC=C1C(OC2OC(CO)C(O)C(O)C2O)OC=C(C(=O)OC)C1CC(=O)OCC1C(C)CC(OC(=O)CC2C(C(=O)OC)=COC(OC3OC(CO)C(O)C(O)C3O)C2=CC)C1C(C)CO,0.0052354852668941
79,,CC=C1C(OC2OC(CO)C(O)C(O)C2O)OC=C(C(=O)OC)C1CC(=O)OCC1C(C)CC(OC(=O)CC2C(C(=O)OC)=COC(OC3OC(CO)C(O)C(O)C3O)C2=CC)C1C(C)CO,0.1733884662389755
743064,,CC=C1C(OC2OC(CO)C(O)C(O)C2O)OC=C(C(=O)OC)C1CC(=O)OCC1C(C)CC(OC(=O)CC2C(C(=O)OC)=COC(OC3OC(CO)C(O)C(O)C3O)C2=CC)C1C(C)CO,0.0003133014542981
47,,CC=C1C(OC2OC(CO)C(O)C(O)C2O)OC=C(C(=O)OC)C1CC(=O)OCC1C(C)CC(OC(=O)CC2C(C(=O)OC)=COC(OC3OC(CO)C(O)C(O)C3O)C2=CC)C1C(C)CO,0.7916713953018188
53,,CC=C1C(OC2OC(CO)C(O)C(O)C2O)OC=C(C(=O)OC)C1CC(=O)OCC1C(C)CC(OC(=O)CC2C(C(=O)OC)=COC(OC3OC(CO)C(O)C(O)C3O)C2=CC)C1C(C)CO,0.876880943775177
55,,CC=C1C(OC2OC(CO)C(O)C(O)C2O)OC=C(C(=O)OC)C1CC(=O)OCC1C(C)CC(OC(=O)CC2C(C(=O)OC)=COC(OC3OC(CO)C(O)C(O)C3O)C2=CC)C1C(C)CO,1.4768054370506434e-06
93,,CC=C1C(OC2OC(CO)C(O)C(O)C2O)OC=C(C(=O)OC)C1CC(=O)OCC1C(C)CC(OC(=O)CC2C(C(=O)OC)=COC(OC3OC(CO)C(O)C(O)C3O)C2=CC)C1C(C)CO,0.9199490547180176
1745853,,CC=C1C(OC2OC(CO)C(O)C(O)C2O)OC=C(C(=O)OC)C1CC(=O)OCC1C(C)CC(OC(=O)CC2C(C(=O)OC)=COC(OC3OC(CO)C(O)C(O)C3O)C2=CC)C1C(C)CO,3.1855262514184773e-14
73,,CC=C1C(OC2OC(CO)C(O)C(O)C2O)OC=C(C(=O)OC)C1CC(=O)OCC1C(C)CC(OC(=O)CC2C(C(=O)OC)=COC(OC3OC(CO)C(O)C(O)C3O)C2=CC)C1C(C)CO,0.7316340208053589
504749,,CC=C1C(OC2OC(CO)C(O)C(O)C2O)OC=C(C(=O)OC)C1CC(=O)OCC1C(C)CC(OC(=O)CC2C(C(=O)OC)=COC(OC3OC(CO)C(O)C(O)C3O)C2=CC)C1C(C)CO,0.999827206134796
1347100,,CC=C1C(OC2OC(CO)C(O)C(O)C2O)OC=C(C(=O)OC)C1CC(=O)OCC1C(C)CC(OC(=O)CC2C(C(=O)OC)=COC(OC3OC(CO)C(O)C(O)C3O)C2=CC)C1C(C)CO,0.0028318564873188
29,,CC=C1C(OC2OC(CO)C(O)C(O)C2O)OC=C(C(=O)OC)C1CC(=O)OCC1C(C)CC(OC(=O)CC2C(C(=O)OC)=COC(OC3OC(CO)C(O)C(O)C3O)C2=CC)C1C(C)CO,0.977813482284546
1345084,,CC=C1C(OC2OC(CO)C(O)C(O)C2O)OC=C(C(=O)OC)C1CC(=O)OCC1C(C)CC(OC(=O)CC2C(C(=O)OC)=COC(OC3OC(CO)C(O)C(O)C3O)C2=CC)C1C(C)CO,0.0077900029718875
109,,CC=C1C(OC2OC(CO)C(O)C(O)C2O)OC=C(C(=O)OC)C1CC(=O)OCC1C(C)CC(OC(=O)CC2C(C(=O)OC)=COC(OC3OC(CO)C(O)C(O)C3O)C2=CC)C1C(C)CO,0.9134370684623718
410,,CC=C1C(OC2OC(CO)C(O)C(O)C2O)OC=C(C(=O)OC)C1CC(=O)OCC1C(C)CC(OC(=O)CC2C(C(=O)OC)=COC(OC3OC(CO)C(O)C(O)C3O)C2=CC)C1C(C)CO,0.2498625069856643
1347093,,CC=C1C(OC2OC(CO)C(O)C(O)C2O)OC=C(C(=O)OC)C1CC(=O)OCC1C(C)CC(OC(=O)CC2C(C(=O)OC)=COC(OC3OC(CO)C(O)C(O)C3O)C2=CC)C1C(C)CO,0.99310702085495
743065,,CC=C1C(OC2OC(CO)C(O)C(O)C2O)OC=C(C(=O)OC)C1CC(=O)OCC1C(C)CC(OC(=O)CC2C(C(=O)OC)=COC(OC3OC(CO)C(O)C(O)C3O)C2=CC)C1C(C)CO,0.6924943923950195
1347160,,CC=C1C(OC2OC(CO)C(O)C(O)C2O)OC=C(C(=O)OC)C1CC(=O)OCC1C(C)CC(OC(=O)CC2C(C(=O)OC)=COC(OC3OC(CO)C(O)C(O)C3O)C2=CC)C1C(C)CO,1.6642104903354105e-13
884,,CC=C1C(OC2OC(CO)C(O)C(O)C2O)OC=C(C(=O)OC)C1CC(=O)OCC1C(C)CC(OC(=O)CC2C(C(=O)OC)=COC(OC3OC(CO)C(O)C(O)C3O)C2=CC)C1C(C)CO,0.1126080006361007
33,,CC=C1C(OC2OC(CO)C(O)C(O)C2O)OC=C(C(=O)OC)C1CC(=O)OCC1C(C)CC(OC(=O)CC2C(C(=O)OC)=COC(OC3OC(CO)C(O)C(O)C3O)C2=CC)C1C(C)CO,0.9469555020332336
45,,CC=C1C(OC2OC(CO)C(O)C(O)C2O)OC=C(C(=O)OC)C1CC(=O)OCC1C(C)CC(OC(=O)CC2C(C(=O)OC)=COC(OC3OC(CO)C(O)C(O)C3O)C2=CC)C1C(C)CO,0.8163636326789856
1224848,,CC=C1C(OC2OC(CO)C(O)C(O)C2O)OC=C(C(=O)OC)C1CC(=O)OCC1C(C)CC(OC(=O)CC2C(C(=O)OC)=COC(OC3OC(CO)C(O)C(O)C3O)C2=CC)C1C(C)CO,0.7028828263282776
651820,,CC=C1C(OC2OC(CO)C(O)C(O)C2O)OC=C(C(=O)OC)C1CC(=O)OCC1C(C)CC(OC(=O)CC2C(C(=O)OC)=COC(OC3OC(CO)C(O)C(O)C3O)C2=CC)C1C(C)CO,0.0504811964929103
137,,CC=C1C(OC2OC(CO)C(O)C(O)C2O)OC=C(C(=O)OC)C1CC(=O)OCC1C(C)CC(OC(=O)CC2C(C(=O)OC)=COC(OC3OC(CO)C(O)C(O)C3O)C2=CC)C1C(C)CO,0.2955977320671081
75,,CC=C1C(OC2OC(CO)C(O)C(O)C2O)OC=C(C(=O)OC)C1CC(=O)OCC1C(C)CC(OC(=O)CC2C(C(=O)OC)=COC(OC3OC(CO)C(O)C(O)C3O)C2=CC)C1C(C)CO,0.9999336004257202
1347097,,CC=C1C(OC2OC(CO)C(O)C(O)C2O)OC=C(C(=O)OC)C1CC(=O)OCC1C(C)CC(OC(=O)CC2C(C(=O)OC)=COC(OC3OC(CO)C(O)C(O)C3O)C2=CC)C1C(C)CO,0.0003925934433937
1,,CC=C1C(OC2OC(CO)C(O)C(O)C2O)OC=C(C(=O)OC)C1CC(=O)OCC1C(C)CC(OC(=O)CC2C(C(=O)OC)=COC(OC3OC(CO)C(O)C(O)C3O)C2=CC)C1C(C)CO,0.9897935390472412
1224883,,CC=C1C(OC2OC(CO)C(O)C(O)C2O)OC=C(C(=O)OC)C1CC(=O)OCC1C(C)CC(OC(=O)CC2C(C(=O)OC)=COC(OC3OC(CO)C(O)C(O)C3O)C2=CC)C1C(C)CO,4.1159589625472387e-10
5,,CC=C1C(OC2OC(CO)C(O)C(O)C2O)OC=C(C(=O)OC)C1CC(=O)OCC1C(C)CC(OC(=O)CC2C(C(=O)OC)=COC(OC3OC(CO)C(O)C(O)C3O)C2=CC)C1C(C)CO,0.72783362865448
2313,,CC=C1C(OC2OC(CO)C(O)C(O)C2O)OC=C(C(=O)OC)C1CC(=O)OCC1C(C)CC(OC(=O)CC2C(C(=O)OC)=COC(OC3OC(CO)C(O)C(O)C3O)C2=CC)C1C(C)CO,0.0228691268712282
143,,CC=C1C(OC2OC(CO)C(O)C(O)C2O)OC=C(C(=O)OC)C1CC(=O)OCC1C(C)CC(OC(=O)CC2C(C(=O)OC)=COC(OC3OC(CO)C(O)C(O)C3O)C2=CC)C1C(C)CO,0.0013972902670502
743040,,CC=C1C(OC2OC(CO)C(O)C(O)C2O)OC=C(C(=O)OC)C1CC(=O)OCC1C(C)CC(OC(=O)CC2C(C(=O)OC)=COC(OC3OC(CO)C(O)C(O)C3O)C2=CC)C1C(C)CO,0.0432234294712543
101,,CC=C1C(OC2OC(CO)C(O)C(O)C2O)OC=C(C(=O)OC)C1CC(=O)OCC1C(C)CC(OC(=O)CC2C(C(=O)OC)=COC(OC3OC(CO)C(O)C(O)C3O)C2=CC)C1C(C)CO,0.5054338574409485
1259248,,CC=C1C(OC2OC(CO)C(O)C(O)C2O)OC=C(C(=O)OC)C1CC(=O)OCC1C(C)CC(OC(=O)CC2C(C(=O)OC)=COC(OC3OC(CO)C(O)C(O)C3O)C2=CC)C1C(C)CO,0.9778710603713988
1346798,,CC=C1C(OC2OC(CO)C(O)C(O)C2O)OC=C(C(=O)OC)C1CC(=O)OCC1C(C)CC(OC(=O)CC2C(C(=O)OC)=COC(OC3OC(CO)C(O)C(O)C3O)C2=CC)C1C(C)CO,3.933863865768217e-07
21,,CC=C1C(OC2OC(CO)C(O)C(O)C2O)OC=C(C(=O)OC)C1CC(=O)OCC1C(C)CC(OC(=O)CC2C(C(=O)OC)=COC(OC3OC(CO)C(O)C(O)C3O)C2=CC)C1C(C)CO,0.8919587731361389
71,,CC=C1C(OC2OC(CO)C(O)C(O)C2O)OC=C(C(=O)OC)C1CC(=O)OCC1C(C)CC(OC(=O)CC2C(C(=O)OC)=COC(OC3OC(CO)C(O)C(O)C3O)C2=CC)C1C(C)CO,1.128768545299863e-07
1671199,,CC=C1C(OC2OC(CO)C(O)C(O)C2O)OC=C(C(=O)OC)C1CC(=O)OCC1C(C)CC(OC(=O)CC2C(C(=O)OC)=COC(OC3OC(CO)C(O)C(O)C3O)C2=CC)C1C(C)CO,1.497054391563779e-08
1347060,,CC=C1C(OC2OC(CO)C(O)C(O)C2O)OC=C(C(=O)OC)C1CC(=O)OCC1C(C)CC(OC(=O)CC2C(C(=O)OC)=COC(OC3OC(CO)C(O)C(O)C3O)C2=CC)C1C(C)CO,0.0158340036869049
7,,CC=C1C(OC2OC(CO)C(O)C(O)C2O)OC=C(C(=O)OC)C1CC(=O)OCC1C(C)CC(OC(=O)CC2C(C(=O)OC)=COC(OC3OC(CO)C(O)C(O)C3O)C2=CC)C1C(C)CO,0.284773588180542
588850,,CC=C1C(OC2OC(CO)C(O)C(O)C2O)OC=C(C(=O)OC)C1CC(=O)OCC1C(C)CC(OC(=O)CC2C(C(=O)OC)=COC(OC3OC(CO)C(O)C(O)C3O)C2=CC)C1C(C)CO,3.440579166635871e-05
1159606,,CC=C1C(OC2OC(CO)C(O)C(O)C2O)OC=C(C(=O)OC)C1CC(=O)OCC1C(C)CC(OC(=O)CC2C(C(=O)OC)=COC(OC3OC(CO)C(O)C(O)C3O)C2=CC)C1C(C)CO,4.052921197178666e-28
1345199,,CC=C1C(OC2OC(CO)C(O)C(O)C2O)OC=C(C(=O)OC)C1CC(=O)OCC1C(C)CC(OC(=O)CC2C(C(=O)OC)=COC(OC3OC(CO)C(O)C(O)C3O)C2=CC)C1C(C)CO,0.9823521971702576
49,,CC=C1C(OC2OC(CO)C(O)C(O)C2O)OC=C(C(=O)OC)C1CC(=O)OCC1C(C)CC(OC(=O)CC2C(C(=O)OC)=COC(OC3OC(CO)C(O)C(O)C3O)C2=CC)C1C(C)CO,0.0003170898125972
37,,CC=C1C(OC2OC(CO)C(O)C(O)C2O)OC=C(C(=O)OC)C1CC(=O)OCC1C(C)CC(OC(=O)CC2C(C(=O)OC)=COC(OC3OC(CO)C(O)C(O)C3O)C2=CC)C1C(C)CO,0.5945987701416016
624296,,CC=C1C(OC2OC(CO)C(O)C(O)C2O)OC=C(C(=O)OC)C1CC(=O)OCC1C(C)CC(OC(=O)CC2C(C(=O)OC)=COC(OC3OC(CO)C(O)C(O)C3O)C2=CC)C1C(C)CO,0.0029460461810231
111,,CC=C1C(OC2OC(CO)C(O)C(O)C2O)OC=C(C(=O)OC)C1CC(=O)OCC1C(C)CC(OC(=O)CC2C(C(=O)OC)=COC(OC3OC(CO)C(O)C(O)C3O)C2=CC)C1C(C)CO,0.9577361345291138
41,,CC=C1C(OC2OC(CO)C(O)C(O)C2O)OC=C(C(=O)OC)C1CC(=O)OCC1C(C)CC(OC(=O)CC2C(C(=O)OC)=COC(OC3OC(CO)C(O)C(O)C3O)C2=CC)C1C(C)CO,0.0005372702144086
1224881,,CC=C1C(OC2OC(CO)C(O)C(O)C2O)OC=C(C(=O)OC)C1CC(=O)OCC1C(C)CC(OC(=O)CC2C(C(=O)OC)=COC(OC3OC(CO)C(O)C(O)C3O)C2=CC)C1C(C)CO,4.081918632437009e-06
51,,CC=C1C(OC2OC(CO)C(O)C(O)C2O)OC=C(C(=O)OC)C1CC(=O)OCC1C(C)CC(OC(=O)CC2C(C(=O)OC)=COC(OC3OC(CO)C(O)C(O)C3O)C2=CC)C1C(C)CO,0.9998860359191896
743079,,CC=C1C(OC2OC(CO)C(O)C(O)C2O)OC=C(C(=O)OC)C1CC(=O)OCC1C(C)CC(OC(=O)CC2C(C(=O)OC)=COC(OC3OC(CO)C(O)C(O)C3O)C2=CC)C1C(C)CO,2.567202727732365e-06
57,,CC=C1C(OC2OC(CO)C(O)C(O)C2O)OC=C(C(=O)OC)C1CC(=O)OCC1C(C)CC(OC(=O)CC2C(C(=O)OC)=COC(OC3OC(CO)C(O)C(O)C3O)C2=CC)C1C(C)CO,0.9999945163726808
2314,,CC=C1C(OC2OC(CO)C(O)C(O)C2O)OC=C(C(=O)OC)C1CC(=O)OCC1C(C)CC(OC(=O)CC2C(C(=O)OC)=COC(OC3OC(CO)C(O)C(O)C3O)C2=CC)C1C(C)CO,1.0662054572563306e-11
1347417,,CC=C1C(OC2OC(CO)C(O)C(O)C2O)OC=C(C(=O)OC)C1CC(=O)OCC1C(C)CC(OC(=O)CC2C(C(=O)OC)=COC(OC3OC(CO)C(O)C(O)C3O)C2=CC)C1C(C)CO,1.3258569511957005e-22
17,,CC=C1C(OC2OC(CO)C(O)C(O)C2O)OC=C(C(=O)OC)C1CC(=O)OCC1C(C)CC(OC(=O)CC2C(C(=O)OC)=COC(OC3OC(CO)C(O)C(O)C3O)C2=CC)C1C(C)CO,1.4350952142194728e-06
65,,CC=C1C(OC2OC(CO)C(O)C(O)C2O)OC=C(C(=O)OC)C1CC(=O)OCC1C(C)CC(OC(=O)CC2C(C(=O)OC)=COC(OC3OC(CO)C(O)C(O)C3O)C2=CC)C1C(C)CO,0.2024393528699875
1794795,,CC=C1C(OC2OC(CO)C(O)C(O)C2O)OC=C(C(=O)OC)C1CC(=O)OCC1C(C)CC(OC(=O)CC2C(C(=O)OC)=COC(OC3OC(CO)C(O)C(O)C3O)C2=CC)C1C(C)CO,6.532836209771631e-07
35,,CC=C1C(OC2OC(CO)C(O)C(O)C2O)OC=C(C(=O)OC)C1CC(=O)OCC1C(C)CC(OC(=O)CC2C(C(=O)OC)=COC(OC3OC(CO)C(O)C(O)C3O)C2=CC)C1C(C)CO,0.4226453006267547
720579,,CC=C1C(OC2OC(CO)C(O)C(O)C2O)OC=C(C(=O)OC)C1CC(=O)OCC1C(C)CC(OC(=O)CC2C(C(=O)OC)=COC(OC3OC(CO)C(O)C(O)C3O)C2=CC)C1C(C)CO,0.069474309682846
77,,CC=C1C(OC2OC(CO)C(O)C(O)C2O)OC=C(C(=O)OC)C1CC(=O)OCC1C(C)CC(OC(=O)CC2C(C(=O)OC)=COC(OC3OC(CO)C(O)C(O)C3O)C2=CC)C1C(C)CO,0.9983265995979308
1259422,,CC=C1C(OC2OC(CO)C(O)C(O)C2O)OC=C(C(=O)OC)C1CC(=O)OCC1C(C)CC(OC(=O)CC2C(C(=O)OC)=COC(OC3OC(CO)C(O)C(O)C3O)C2=CC)C1C(C)CO,0.9671302437782288
504444,,CC=C1C(OC2OC(CO)C(O)C(O)C2O)OC=C(C(=O)OC)C1CC(=O)OCC1C(C)CC(OC(=O)CC2C(C(=O)OC)=COC(OC3OC(CO)C(O)C(O)C3O)C2=CC)C1C(C)CO,1.1392283738587142e-07
1460,,CC=C1C(OC2OC(CO)C(O)C(O)C2O)OC=C(C(=O)OC)C1CC(=O)OCC1C(C)CC(OC(=O)CC2C(C(=O)OC)=COC(OC3OC(CO)C(O)C(O)C3O)C2=CC)C1C(C)CO,0.9984785914421082
11,,CC=C1C(OC2OC(CO)C(O)C(O)C2O)OC=C(C(=O)OC)C1CC(=O)OCC1C(C)CC(OC(=O)CC2C(C(=O)OC)=COC(OC3OC(CO)C(O)C(O)C3O)C2=CC)C1C(C)CO,0.988896906375885
652054,,CC=C1C(OC2OC(CO)C(O)C(O)C2O)OC=C(C(=O)OC)C1CC(=O)OCC1C(C)CC(OC(=O)CC2C(C(=O)OC)=COC(OC3OC(CO)C(O)C(O)C3O)C2=CC)C1C(C)CO,2.6658319995931382e-08
504834,,CC=C1C(OC2OC(CO)C(O)C(O)C2O)OC=C(C(=O)OC)C1CC(=O)OCC1C(C)CC(OC(=O)CC2C(C(=O)OC)=COC(OC3OC(CO)C(O)C(O)C3O)C2=CC)C1C(C)CO,3.691919800985488e-06
1347085,,CC=C1C(OC2OC(CO)C(O)C(O)C2O)OC=C(C(=O)OC)C1CC(=O)OCC1C(C)CC(OC(=O)CC2C(C(=O)OC)=COC(OC3OC(CO)C(O)C(O)C3O)C2=CC)C1C(C)CO,0.999918818473816
1259243,,CC=C1C(OC2OC(CO)C(O)C(O)C2O)OC=C(C(=O)OC)C1CC(=O)OCC1C(C)CC(OC(=O)CC2C(C(=O)OC)=COC(OC3OC(CO)C(O)C(O)C3O)C2=CC)C1C(C)CO,0.7471795678138733
743224,,CC=C1C(OC2OC(CO)C(O)C(O)C2O)OC=C(C(=O)OC)C1CC(=O)OCC1C(C)CC(OC(=O)CC2C(C(=O)OC)=COC(OC3OC(CO)C(O)C(O)C3O)C2=CC)C1C(C)CO,1.0
1259415,,CC=C1C(OC2OC(CO)C(O)C(O)C2O)OC=C(C(=O)OC)C1CC(=O)OCC1C(C)CC(OC(=O)CC2C(C(=O)OC)=COC(OC3OC(CO)C(O)C(O)C3O)C2=CC)C1C(C)CO,0.00093474710593
103,,CC=C1C(OC2OC(CO)C(O)C(O)C2O)OC=C(C(=O)OC)C1CC(=O)OCC1C(C)CC(OC(=O)CC2C(C(=O)OC)=COC(OC3OC(CO)C(O)C(O)C3O)C2=CC)C1C(C)CO,0.000627203262411
743080,,CC=C1C(OC2OC(CO)C(O)C(O)C2O)OC=C(C(=O)OC)C1CC(=O)OCC1C(C)CC(OC(=O)CC2C(C(=O)OC)=COC(OC3OC(CO)C(O)C(O)C3O)C2=CC)C1C(C)CO,0.9367460012435912
720596,,CC=C1C(OC2OC(CO)C(O)C(O)C2O)OC=C(C(=O)OC)C1CC(=O)OCC1C(C)CC(OC(=O)CC2C(C(=O)OC)=COC(OC3OC(CO)C(O)C(O)C3O)C2=CC)C1C(C)CO,0.8477107882499695
1224841,,CC=C1C(OC2OC(CO)C(O)C(O)C2O)OC=C(C(=O)OC)C1CC(=O)OCC1C(C)CC(OC(=O)CC2C(C(=O)OC)=COC(OC3OC(CO)C(O)C(O)C3O)C2=CC)C1C(C)CO,0.9999954700469972
59,,CC=C1C(OC2OC(CO)C(O)C(O)C2O)OC=C(C(=O)OC)C1CC(=O)OCC1C(C)CC(OC(=O)CC2C(C(=O)OC)=COC(OC3OC(CO)C(O)C(O)C3O)C2=CC)C1C(C)CO,0.911674737930298
1224886,,CC=C1C(OC2OC(CO)C(O)C(O)C2O)OC=C(C(=O)OC)C1CC(=O)OCC1C(C)CC(OC(=O)CC2C(C(=O)OC)=COC(OC3OC(CO)C(O)C(O)C3O)C2=CC)C1C(C)CO,0.9997825026512146
1259421,,CC=C1C(OC2OC(CO)C(O)C(O)C2O)OC=C(C(=O)OC)C1CC(=O)OCC1C(C)CC(OC(=O)CC2C(C(=O)OC)=COC(OC3OC(CO)C(O)C(O)C3O)C2=CC)C1C(C)CO,0.9966964721679688
99,,CC=C1C(OC2OC(CO)C(O)C(O)C2O)OC=C(C(=O)OC)C1CC(=O)OCC1C(C)CC(OC(=O)CC2C(C(=O)OC)=COC(OC3OC(CO)C(O)C(O)C3O)C2=CC)C1C(C)CO,0.8364605903625488
43,,CC=C1C(OC2OC(CO)C(O)C(O)C2O)OC=C(C(=O)OC)C1CC(=O)OCC1C(C)CC(OC(=O)CC2C(C(=O)OC)=COC(OC3OC(CO)C(O)C(O)C3O)C2=CC)C1C(C)CO,0.0142702851444482
899,,CC=C1C(OC2OC(CO)C(O)C(O)C2O)OC=C(C(=O)OC)C1CC(=O)OCC1C(C)CC(OC(=O)CC2C(C(=O)OC)=COC(OC3OC(CO)C(O)C(O)C3O)C2=CC)C1C(C)CO,0.0243429839611053
743012,,CC=C1C(OC2OC(CO)C(O)C(O)C2O)OC=C(C(=O)OC)C1CC(=O)OCC1C(C)CC(OC(=O)CC2C(C(=O)OC)=COC(OC3OC(CO)C(O)C(O)C3O)C2=CC)C1C(C)CO,0.9998898506164552
1347159,,CC=C1C(OC2OC(CO)C(O)C(O)C2O)OC=C(C(=O)OC)C1CC(=O)OCC1C(C)CC(OC(=O)CC2C(C(=O)OC)=COC(OC3OC(CO)C(O)C(O)C3O)C2=CC)C1C(C)CO,0.0140152778476476
1345082,,CC=C1C(OC2OC(CO)C(O)C(O)C2O)OC=C(C(=O)OC)C1CC(=O)OCC1C(C)CC(OC(=O)CC2C(C(=O)OC)=COC(OC3OC(CO)C(O)C(O)C3O)C2=CC)C1C(C)CO,3.874148397919885e-12
1347083,,CC=C1C(OC2OC(CO)C(O)C(O)C2O)OC=C(C(=O)OC)C1CC(=O)OCC1C(C)CC(OC(=O)CC2C(C(=O)OC)=COC(OC3OC(CO)C(O)C(O)C3O)C2=CC)C1C(C)CO,1.0768551383932843e-08
91,,CC=C1C(OC2OC(CO)C(O)C(O)C2O)OC=C(C(=O)OC)C1CC(=O)OCC1C(C)CC(OC(=O)CC2C(C(=O)OC)=COC(OC3OC(CO)C(O)C(O)C3O)C2=CC)C1C(C)CO,5.071948638857293e-09
463190,,CC=C1C(OC2OC(CO)C(O)C(O)C2O)OC=C(C(=O)OC)C1CC(=O)OCC1C(C)CC(OC(=O)CC2C(C(=O)OC)=COC(OC3OC(CO)C(O)C(O)C3O)C2=CC)C1C(C)CO,0.0149371540173888
1347103,,CC=C1C(OC2OC(CO)C(O)C(O)C2O)OC=C(C(=O)OC)C1CC(=O)OCC1C(C)CC(OC(=O)CC2C(C(=O)OC)=COC(OC3OC(CO)C(O)C(O)C3O)C2=CC)C1C(C)CO,0.9988442659378052
1224839,,CC=C1C(OC2OC(CO)C(O)C(O)C2O)OC=C(C(=O)OC)C1CC(=O)OCC1C(C)CC(OC(=O)CC2C(C(=O)OC)=COC(OC3OC(CO)C(O)C(O)C3O)C2=CC)C1C(C)CO,1.786308462259356e-10
1745845,,CC=C1C(OC2OC(CO)C(O)C(O)C2O)OC=C(C(=O)OC)C1CC(=O)OCC1C(C)CC(OC(=O)CC2C(C(=O)OC)=COC(OC3OC(CO)C(O)C(O)C3O)C2=CC)C1C(C)CO,0.001722038607113
139,,CC=C1C(OC2OC(CO)C(O)C(O)C2O)OC=C(C(=O)OC)C1CC(=O)OCC1C(C)CC(OC(=O)CC2C(C(=O)OC)=COC(OC3OC(CO)C(O)C(O)C3O)C2=CC)C1C(C)CO,0.5135206580162048
119,,CC=C1C(OC2OC(CO)C(O)C(O)C2O)OC=C(C(=O)OC)C1CC(=O)OCC1C(C)CC(OC(=O)CC2C(C(=O)OC)=COC(OC3OC(CO)C(O)C(O)C3O)C2=CC)C1C(C)CO,0.4601860344409942
165,,CC=C1C(OC2OC(CO)C(O)C(O)C2O)OC=C(C(=O)OC)C1CC(=O)OCC1C(C)CC(OC(=O)CC2C(C(=O)OC)=COC(OC3OC(CO)C(O)C(O)C3O)C2=CC)C1C(C)CO,1.2912637430417815e-06
651741,,CC=C1C(OC2OC(CO)C(O)C(O)C2O)OC=C(C(=O)OC)C1CC(=O)OCC1C(C)CC(OC(=O)CC2C(C(=O)OC)=COC(OC3OC(CO)C(O)C(O)C3O)C2=CC)C1C(C)CO,0.6873660087585449
1259380,,CC=C1C(OC2OC(CO)C(O)C(O)C2O)OC=C(C(=O)OC)C1CC(=O)OCC1C(C)CC(OC(=O)CC2C(C(=O)OC)=COC(OC3OC(CO)C(O)C(O)C3O)C2=CC)C1C(C)CO,0.9999560117721558
1346979,,CC=C1C(OC2OC(CO)C(O)C(O)C2O)OC=C(C(=O)OC)C1CC(=O)OCC1C(C)CC(OC(=O)CC2C(C(=O)OC)=COC(OC3OC(CO)C(O)C(O)C3O)C2=CC)C1C(C)CO,0.0186544526368379
1296008,,CC=C1C(OC2OC(CO)C(O)C(O)C2O)OC=C(C(=O)OC)C1CC(=O)OCC1C(C)CC(OC(=O)CC2C(C(=O)OC)=COC(OC3OC(CO)C(O)C(O)C3O)C2=CC)C1C(C)CO,7.30545161786722e-06
1671196,,CC=C1C(OC2OC(CO)C(O)C(O)C2O)OC=C(C(=O)OC)C1CC(=O)OCC1C(C)CC(OC(=O)CC2C(C(=O)OC)=COC(OC3OC(CO)C(O)C(O)C3O)C2=CC)C1C(C)CO,7.981914677657187e-06
